filename	bytes	sha256
ambiguity-overpredict-wide.png	129979	7bc98761f9c00b8f531a1968efe82dda161e0d1735eb37d53e9a668811af6964
capability-accuracy-wide.png	62796	66cc21a36e578ec609a4a772b8c3f9f5dbd9b61226950a4b1add3c38962bdf0d
capability-vs-refuse-wide.png	57800	55aedb06ec25c81b0b7937dd92cc0624dd245c07066c3edfd4394c5e5f289aa9
clarification-pr-wide.png	67632	150ce47e353621257e820f9f62a99e490859c08cff1241ba0931791becadc454
intent-primary-wide.png	91495	8230efa820d63a52894c15de087fa880fa0e6c38ff47a08f0b21868ced09885f
intent-routing-heatmap-wide.png	38374	1bc6262b84f899ff197c9a9c2635cc0f441136ca33f40f5d97bd3fdbfcee3173
intent-vs-route-wide.png	79663	b91fe215ac24a49129616e93d8e5544e60479770abdd6c84cf2f0b526124385e
overask-breakdown-wide.png	95672	e82db0d04bb74aa3846319c8e440efab11b40de947cf415c3e2febd028ed818b
replica-stability-wide.png	130327	68280d9a18a63e9eabbba4342dd90b3037bc85328fd5e4ae283ff1ce9945c19f
route-f1-wide.png	105672	eb6b0ad8efe84cf84fd1ef77d5c63c0dbcc7b31f0151e70952de8d0435017355
routing-confusion-heatmaps.png	160327	b6db755d4e530744fd7c7bf06aee0910b4ff5904bcc46b4d5c6063491cc6418d
routing-correct-wide.png	85285	35e87325f1289145ee6c0a1a3d275b3cce54534890dc420d2d566ffddbceda45
temperature-intent-routing-line.png	121273	e660efab369573ae31f2d91eba08bc0cb72911e2e803b64a6a5e4c81ba1405a7
text-layer-pipeline.png	54438	9d69dfd7f51a31d8f2c4c5a65911b805caa840b622ed400f46905384fa1ad01d
the-62-rules-wide.png	72557	e82ddeb5ebf2d8e5552344066d44382522d10285f73991cf9e2fea56b22a508c
