field_name,present_in_A?,present_in_B?,present_in_final?,records_covered,agreement_metric_available?,adjudicated?,notes
ambiguity_present,True,True,False,A=120; B=120; final=0,NOT IDENTIFIED,NOT IDENTIFIED,Top-level presence only; nested structures remain raw.
ambiguity_types,True,True,True,A=120; B=120; final=120,SEE historical kappa reports,SEE gold manifest/status,Top-level presence only; nested structures remain raw.
canonical_outcome,True,True,False,A=120; B=120; final=0,NOT IDENTIFIED,NOT IDENTIFIED,Top-level presence only; nested structures remain raw.
capability_status,True,True,True,A=120; B=120; final=120,SEE historical kappa reports,SEE gold manifest/status,Top-level presence only; nested structures remain raw.
compound_ambiguity,True,True,False,A=120; B=120; final=0,NOT IDENTIFIED,NOT IDENTIFIED,Top-level presence only; nested structures remain raw.
compound_ambiguity_count,True,True,False,A=120; B=120; final=0,NOT IDENTIFIED,NOT IDENTIFIED,Top-level presence only; nested structures remain raw.
confidence,True,True,False,A=120; B=120; final=0,NOT IDENTIFIED,NOT IDENTIFIED,Top-level presence only; nested structures remain raw.
evidence,True,True,False,A=120; B=120; final=0,NOT IDENTIFIED,NOT IDENTIFIED,Top-level presence only; nested structures remain raw.
intent,True,True,False,A=120; B=120; final=0,NOT IDENTIFIED,NOT IDENTIFIED,Top-level presence only; nested structures remain raw.
primary_ambiguity_type,True,True,False,A=120; B=120; final=0,SEE historical kappa reports,NOT IDENTIFIED,Top-level presence only; nested structures remain raw.
recommended_strategy,True,True,False,A=120; B=120; final=0,SEE historical kappa reports,NOT IDENTIFIED,Top-level presence only; nested structures remain raw.
record_id,True,True,True,A=120; B=120; final=120,NOT IDENTIFIED,NOT IDENTIFIED,Top-level presence only; nested structures remain raw.
record_validity,True,True,True,A=120; B=120; final=120,SEE historical kappa reports,NOT IDENTIFIED,Top-level presence only; nested structures remain raw.
resolved_slots,True,True,False,A=120; B=120; final=0,NOT IDENTIFIED,NOT IDENTIFIED,Top-level presence only; nested structures remain raw.
risk_factors,True,True,False,A=120; B=120; final=0,NOT IDENTIFIED,NOT IDENTIFIED,Top-level presence only; nested structures remain raw.
risk_level,True,True,False,A=120; B=120; final=0,SEE historical kappa reports,NOT IDENTIFIED,Top-level presence only; nested structures remain raw.
strategy_sequence,True,True,True,A=120; B=120; final=120,NOT IDENTIFIED,NOT IDENTIFIED,Top-level presence only; nested structures remain raw.
terminal_strategy,True,True,True,A=120; B=120; final=120,SEE historical kappa reports,SEE gold manifest/status,Top-level presence only; nested structures remain raw.
validity_issue,True,True,False,A=120; B=120; final=0,NOT IDENTIFIED,NOT IDENTIFIED,Top-level presence only; nested structures remain raw.
